descriptor/look-up term inhalation,init exp inhalation,init exp dermal,init exp local dermal,reduction factor lev inhal,reduction factor LEV dermal,,Message supporting exposure prediction,,PROCs,PROC description
PROC1solidyeshighind,0.01,0.034,10,1,1,,,,PROC1,"1 - Use in closed process, no likelihood of exposure"
PROC1solidyesmediumind,0.01,0.034,10,1,1,,,,PROC2,"2 - Use in closed, continuous  process with occasional controlled exposure "
PROC1solidyeslowind,0.01,0.034,10,1,1,,,,PROC3,3 - Use in closed batch process (synthesis or formulation)
PROC1solidyeshighprof,0.1,0.034,10,1,1,,,,PROC4,4 - Use in batch and other process (synthesis) where opportunity for exposure arises 
PROC1solidyesmediumprof,0.01,0.034,10,1,1,,,,PROC5,5 -Mixing or blending in batch processes (multistage and/or significant contact)
PROC1solidyeslowprof,0.01,0.034,10,1,1,,,,PROC6,6 -Calendering operations
PROC1solidnohighind,0.01,0.034,10,1,1,,,,PROC7,7 -Industrial spraying
PROC1solidnomediumind,0.01,0.034,10,1,1,,,,PROC8a,8a -Transfer of chemicals from/to vessels/ large containers at non dedicated facilities
PROC1solidnolowind,0.01,0.034,10,1,1,,,,PROC8b,8b -Transfer of chemicals from/to vessels/ large containers at dedicated facilities
PROC1solidnohighprof,0.1,0.034,10,1,1,,,,PROC9,9 -Transfer of chemicals into small containers (dedicated filling line)
PROC1solidnomediumprof,0.01,0.034,10,1,1,,,,PROC10,10 - Roller application or brushing 
PROC1solidnolowprof,0.01,0.034,10,1,1,,,,PROC11,11- Non industrial spraying 
PROC1liquidyeshighind,0.01,0.034,10,1,1,,,,PROC12,12 - Use of blow agents for foam production
PROC1liquidyesmediumind,0.01,0.034,10,1,1,,,,PROC13,13 -Treatment of articles by dipping and pouring 
PROC1liquidyeslowind,0.01,0.034,10,1,1,,,,PROC14,"14 - Production of preparations or articles by tabletting, compression, extrusion, pelletisation"
PROC1liquidyesvery lowind,0.01,0.034,10,1,1,,,,PROC15,15 - Use of laboratory reagents in small scale laboratories
PROC1liquidyeshighprof,0.1,0.034,10,1,1,,,,PROC16,"16 - Using material as fuel sources, limited exposure to unburned product to be expected"
PROC1liquidyesmediumprof,0.01,0.034,10,1,1,,,,PROC17,17 - Lubrication at high energy conditions and in partly open process
PROC1liquidyeslowprof,0.01,0.034,10,1,1,,,,PROC18,18 - Greasing at high energy conditions
PROC1liquidyesvery lowprof,0.01,0.034,10,1,1,,,,PROC19,19 - Hand-mixing with intimate contact (only PPE available)
PROC1liquidnohighind,0.01,0.034,10,1,1,,,,PROC20,20 - Heat and pressure transfer fluids (closed systems) in dispersive use 
PROC1liquidnomediumind,0.01,0.034,10,1,1,,,,PROC21,21 - Low energy manipulation of substances in materials and/or articles
PROC1liquidnolowind,0.01,0.034,10,1,1,,,,PROC22,22 - Potentially closed operations with minerals at elevated temperature
PROC1liquidnovery lowind,0.01,0.034,10,1,1,,,,PROC23,23 - Open processing and transfer of minerals at elevated temperature
PROC1liquidnohighprof,0.1,0.034,10,1,1,,,,PROC24,24 - High (mechanical) energy work-up of substances bound in materials and/or articles 
PROC1liquidnomediumprof,0.01,0.034,10,1,1,,,,PROC25,25 - Hot work operations with metals
PROC1liquidnolowprof,0.01,0.034,10,1,1,,,,,
PROC1liquidnovery lowprof,0.01,0.034,10,1,1,,,,,
PROC2solidyeshighind,1,1.37,200,0.1,0.1,,,,,
PROC2solidyesmediumind,0.5,1.37,200,0.1,0.1,,,,,
PROC2solidyeslowind,0.01,1.37,200,0.1,0.1,,,,,
PROC2solidyeshighprof,5,1.37,200,0.2,0.2,,,,,
PROC2solidyesmediumprof,1,1.37,200,0.2,0.2,,,,,
PROC2solidyeslowprof,0.01,1.37,200,0.2,0.2,,,,,
PROC2solidnohighind,1,1.37,200,1,1,,,,,
PROC2solidnomediumind,0.5,1.37,200,1,1,,,,,
PROC2solidnolowind,0.01,1.37,200,1,1,,,,,
PROC2solidnohighprof,5,1.37,200,1,1,,,,,
PROC2solidnomediumprof,1,1.37,200,1,1,,,,,
PROC2solidnolowprof,0.01,1.37,200,1,1,,,,,
PROC2liquidyeshighind,25,1.37,200,0.1,0.1,,,,,
PROC2liquidyesmediumind,5,1.37,200,0.1,0.1,,,,,
PROC2liquidyeslowind,1,1.37,200,0.1,0.1,,,,,
PROC2liquidyesvery lowind,0.1,1.37,200,0.1,0.1,,,,,
PROC2liquidyeshighprof,50,1.37,200,0.2,0.2,,,,,
PROC2liquidyesmediumprof,20,1.37,200,0.2,0.2,,,,,
PROC2liquidyeslowprof,5,1.37,200,0.2,0.2,,,,,
PROC2liquidyesvery lowprof,0.1,1.37,200,0.2,0.2,,,,,
PROC2liquidnohighind,25,1.37,200,1,1,,,,,
PROC2liquidnomediumind,5,1.37,200,1,1,,,,,
PROC2liquidnolowind,1,1.37,200,1,1,,,,,
PROC2liquidnovery lowind,0.1,1.37,200,1,1,,,,,
PROC2liquidnohighprof,50,1.37,200,1,1,,,,,
PROC2liquidnomediumprof,20,1.37,200,1,1,,,,,
PROC2liquidnolowprof,5,1.37,200,1,1,,,,,
PROC2liquidnovery lowprof,0.1,1.37,200,1,1,,,,,
PROC3solidyeshighind,1,0.69,200,0.1,0.1,,,,,
PROC3solidyesmediumind,1,0.69,200,0.1,0.1,,,,,
PROC3solidyeslowind,0.1,0.69,200,0.1,0.1,,,,,
PROC3solidyeshighprof,5,0.69,200,0.2,0.2,,,,,
PROC3solidyesmediumprof,1,0.69,200,0.2,0.2,,,,,
PROC3solidyeslowprof,0.1,0.69,200,0.2,0.2,,,,,
PROC3solidnohighind,1,0.69,200,1,1,,,,,
PROC3solidnomediumind,1,0.69,200,1,1,,,,,
PROC3solidnolowind,0.1,0.69,200,1,1,,,,,
PROC3solidnohighprof,5,0.69,200,1,1,,,,,
PROC3solidnomediumprof,1,0.69,200,1,1,,,,,
PROC3solidnolowprof,0.1,0.69,200,1,1,,,,,
PROC3liquidyeshighind,50,0.69,200,0.1,0.1,,,,,
PROC3liquidyesmediumind,10,0.69,200,0.1,0.1,,,,,
PROC3liquidyeslowind,3,0.69,200,0.1,0.1,,,,,
PROC3liquidyesvery lowind,0.1,0.69,200,0.1,0.1,,,,,
PROC3liquidyeshighprof,100,0.69,200,0.2,0.2,,,,,
PROC3liquidyesmediumprof,25,0.69,200,0.2,0.2,,,,,
PROC3liquidyeslowprof,3,0.69,200,0.2,0.2,,,,,
PROC3liquidyesvery lowprof,0.1,0.69,200,0.2,0.2,,,,,
PROC3liquidnohighind,50,0.69,200,1,1,,,,,
PROC3liquidnomediumind,10,0.69,200,1,1,,,,,
PROC3liquidnolowind,3,0.69,200,1,1,,,,,
PROC3liquidnovery lowind,0.1,0.69,200,1,1,,,,,
PROC3liquidnohighprof,100,0.69,200,1,1,,,,,
PROC3liquidnomediumprof,25,0.69,200,1,1,,,,,
PROC3liquidnolowprof,3,0.69,200,1,1,,,,,
PROC3liquidnovery lowprof,0.1,0.69,200,1,1,,,,,
PROC4solidyeshighind,25,6.86,1000,0.1,0.1,,,,,
PROC4solidyesmediumind,5,6.86,1000,0.1,0.1,,,,,
PROC4solidyeslowind,0.5,6.86,1000,0.1,0.1,,,,,
PROC4solidyeshighprof,50,6.86,1000,0.2,0.2,,,,,
PROC4solidyesmediumprof,5,6.86,1000,0.2,0.2,,,,,
PROC4solidyeslowprof,1,6.86,1000,0.2,0.2,,,,,
PROC4solidnohighind,25,6.86,1000,1,1,,,,,
PROC4solidnomediumind,5,6.86,1000,1,1,,,,,
PROC4solidnolowind,0.5,6.86,1000,1,1,,,,,
PROC4solidnohighprof,50,6.86,1000,1,1,,,,,
PROC4solidnomediumprof,5,6.86,1000,1,1,,,,,
PROC4solidnolowprof,1,6.86,1000,1,1,,,,,
PROC4liquidyeshighind,100,6.86,1000,0.1,0.1,,,,,
PROC4liquidyesmediumind,20,6.86,1000,0.1,0.1,,,,,
PROC4liquidyeslowind,5,6.86,1000,0.1,0.1,,,,,
PROC4liquidyesvery lowind,0.1,6.86,1000,0.1,0.1,,,,,
PROC4liquidyeshighprof,250,6.86,1000,0.2,0.2,,,,,
PROC4liquidyesmediumprof,50,6.86,1000,0.2,0.2,,,,,
PROC4liquidyeslowprof,10,6.86,1000,0.2,0.2,,,,,
PROC4liquidyesvery lowprof,0.1,6.86,1000,0.2,0.2,,,,,
PROC4liquidnohighind,100,6.86,1000,1,1,,,,,
PROC4liquidnomediumind,20,6.86,1000,1,1,,,,,
PROC4liquidnolowind,5,6.86,1000,1,1,,,,,
PROC4liquidnovery lowind,0.1,6.86,1000,1,1,,,,,
PROC4liquidnohighprof,250,6.86,1000,1,1,,,,,
PROC4liquidnomediumprof,50,6.86,1000,1,1,,,,,
PROC4liquidnolowprof,10,6.86,1000,1,1,,,,,
PROC4liquidnovery lowprof,0.1,6.86,1000,1,1,,,,,
PROC5solidyeshighind,25,13.71,2000,0.1,0.1,,,,,
PROC5solidyesmediumind,5,13.71,2000,0.1,0.1,,,,,
PROC5solidyeslowind,0.5,13.71,2000,0.1,0.1,,,,,
PROC5solidyeshighprof,50,13.71,2000,0.2,0.2,,,,,
PROC5solidyesmediumprof,5,13.71,2000,0.2,0.2,,,,,
PROC5solidyeslowprof,1,13.71,2000,0.2,0.2,,,,,
PROC5solidnohighind,25,13.71,2000,1,1,,,,,
PROC5solidnomediumind,5,13.71,2000,1,1,,,,,
PROC5solidnolowind,0.5,13.71,2000,1,1,,,,,
PROC5solidnohighprof,50,13.71,2000,1,1,,,,,
PROC5solidnomediumprof,5,13.71,2000,1,1,,,,,
PROC5solidnolowprof,1,13.71,2000,1,1,,,,,
PROC5liquidyeshighind,250,13.71,2000,0.1,0.1,,,,,
PROC5liquidyesmediumind,50,13.71,2000,0.1,0.1,,,,,
PROC5liquidyeslowind,5,13.71,2000,0.1,0.1,,,,,
PROC5liquidyesvery lowind,0.1,13.71,2000,0.1,0.1,,,,,
PROC5liquidyeshighprof,500,13.71,2000,0.2,0.2,,,,,
PROC5liquidyesmediumprof,100,13.71,2000,0.2,0.2,,,,,
PROC5liquidyeslowprof,10,13.71,2000,0.2,0.2,,,,,
PROC5liquidyesvery lowprof,0.1,13.71,2000,0.2,0.2,,,,,
PROC5liquidnohighind,250,13.71,2000,1,1,,,,,
PROC5liquidnomediumind,50,13.71,2000,1,1,,,,,
PROC5liquidnolowind,5,13.71,2000,1,1,,,,,
PROC5liquidnovery lowind,0.1,13.71,2000,1,1,,,,,
PROC5liquidnohighprof,500,13.71,2000,1,1,,,,,
PROC5liquidnomediumprof,100,13.71,2000,1,1,,,,,
PROC5liquidnolowprof,10,13.71,2000,1,1,,,,,
PROC5liquidnovery lowprof,0.1,13.71,2000,1,1,,,,,
PROC6solidyeshighind,25,27.43,2000,0.1,0.1,,,,,
PROC6solidyesmediumind,5,27.43,2000,0.1,0.1,,,,,
PROC6solidyeslowind,0.1,27.43,2000,0.1,0.1,,,,,
PROC6solidyeshighprof,50,27.43,2000,0.2,0.2,,,,,
PROC6solidyesmediumprof,5,27.43,2000,0.2,0.2,,,,,
PROC6solidyeslowprof,1,27.43,2000,0.2,0.2,,,,,
PROC6solidnohighind,25,27.43,2000,1,1,,,,,
PROC6solidnomediumind,5,27.43,2000,1,1,,,,,
PROC6solidnolowind,0.1,27.43,2000,1,1,,,,,
PROC6solidnohighprof,50,27.43,2000,1,1,,,,,
PROC6solidnomediumprof,5,27.43,2000,1,1,,,,,
PROC6solidnolowprof,1,27.43,2000,1,1,,,,,
PROC6liquidyeshighind,250,27.43,2000,0.1,0.1,,,,,
PROC6liquidyesmediumind,50,27.43,2000,0.1,0.1,,,,,
PROC6liquidyeslowind,5,27.43,2000,0.1,0.1,,,,,
PROC6liquidyesvery lowind,0.1,27.43,2000,0.1,0.1,,,,,
PROC6liquidyeshighprof,500,27.43,2000,0.2,0.2,,,,,
PROC6liquidyesmediumprof,100,27.43,2000,0.2,0.2,,,,,
PROC6liquidyeslowprof,10,27.43,2000,0.2,0.2,,,,,
PROC6liquidyesvery lowprof,0.1,27.43,2000,0.2,0.2,,,,,
PROC6liquidnohighind,250,27.43,2000,1,1,,,,,
PROC6liquidnomediumind,50,27.43,2000,1,1,,,,,
PROC6liquidnolowind,5,27.43,2000,1,1,,,,,
PROC6liquidnovery lowind,0.1,27.43,2000,1,1,,,,,
PROC6liquidnohighprof,500,27.43,2000,1,1,,,,,
PROC6liquidnomediumprof,100,27.43,2000,1,1,,,,,
PROC6liquidnolowprof,10,27.43,2000,1,1,,,,,
PROC6liquidnovery lowprof,0.1,27.43,2000,1,1,,,,,
PROC7solidyeshighind,100,42.86,2000,0.1,0.1,,,,,
PROC7solidyesmediumind,20,42.86,2000,0.1,0.1,,,,,
PROC7solidyeslowind,1,42.86,2000,0.1,0.1,,,,,
PROC7solidyeshighprof,n/a,n/a,n/a,n/a,n/a,,PROC7 only for industrial use,,,
PROC7solidyesmediumprof,n/a,n/a,n/a,n/a,n/a,,PROC7 only for industrial use,,,
PROC7solidyeslowprof,n/a,n/a,n/a,n/a,n/a,,PROC7 only for industrial use,,,
PROC7solidnohighind,100,42.86,2000,1,1,,,,,
PROC7solidnomediumind,20,42.86,2000,1,1,,,,,
PROC7solidnolowind,1,42.86,2000,1,1,,,,,
PROC7solidnohighprof,n/a,n/a,n/a,n/a,n/a,,PROC7 only for industrial use,,,
PROC7solidnomediumprof,n/a,n/a,n/a,n/a,n/a,,PROC7 only for industrial use,,,
PROC7solidnolowprof,n/a,n/a,n/a,n/a,n/a,,PROC7 only for industrial use,,,
PROC7liquidyeshighind,500,42.86,2000,0.1,0.1,,,,,
PROC7liquidyesmediumind,250,42.86,2000,0.1,0.1,,,,,
PROC7liquidyeslowind,100,42.86,2000,0.1,0.1,,,,,
PROC7liquidyesvery lowind,100,42.86,2000,0.1,0.1,,,,,
PROC7liquidyeshighprof,n/a,n/a,n/a,n/a,n/a,,PROC7 only for industrial use,,,
PROC7liquidyesmediumprof,n/a,n/a,n/a,n/a,n/a,,PROC7 only for industrial use,,,
PROC7liquidyeslowprof,n/a,n/a,n/a,n/a,n/a,,PROC7 only for industrial use,,,
PROC7liquidyesvery lowprof,n/a,n/a,n/a,n/a,n/a,,PROC7 only for industrial use,,,
PROC7liquidnohighind,500,42.86,2000,1,1,,,,,
PROC7liquidnomediumind,250,42.86,2000,1,1,,,,,
PROC7liquidnolowind,100,42.86,2000,1,1,,,,,
PROC7liquidnovery lowind,100,42.86,2000,1,1,,,,,
PROC7liquidnohighprof,n/a,n/a,n/a,n/a,n/a,,PROC7 only for industrial use,,,
PROC7liquidnomediumprof,n/a,n/a,n/a,n/a,n/a,,PROC7 only for industrial use,,,
PROC7liquidnolowprof,n/a,n/a,n/a,n/a,n/a,,PROC7 only for industrial use,,,
PROC7liquidnovery lowprof,n/a,n/a,n/a,n/a,n/a,,PROC7 only for industrial use,,,
PROC8asolidyeshighind,50,27.43,2000,0.1,0.1,,,,,
PROC8asolidyesmediumind,5,27.43,2000,0.1,0.1,,,,,
PROC8asolidyeslowind,0.5,27.43,2000,0.1,0.1,,,,,
PROC8asolidyeshighprof,50,27.43,2000,0.2,0.2,,,,,
PROC8asolidyesmediumprof,10,27.43,2000,0.2,0.2,,,,,
PROC8asolidyeslowprof,0.5,27.43,2000,0.2,0.2,,,,,
PROC8asolidnohighind,50,27.43,2000,1,1,,,,,
PROC8asolidnomediumind,5,27.43,2000,1,1,,,,,
PROC8asolidnolowind,0.5,27.43,2000,1,1,,,,,
PROC8asolidnohighprof,50,27.43,2000,1,1,,,,,
PROC8asolidnomediumprof,10,27.43,2000,1,1,,,,,
PROC8asolidnolowprof,0.5,27.43,2000,1,1,,,,,
PROC8aliquidyeshighind,250,27.43,2000,0.1,0.1,,,,,
PROC8aliquidyesmediumind,50,27.43,2000,0.1,0.1,,,,,
PROC8aliquidyeslowind,10,27.43,2000,0.1,0.1,,,,,
PROC8aliquidyesvery lowind,0.1,27.43,2000,0.1,0.1,,,,,
PROC8aliquidyeshighprof,500,27.43,2000,0.2,0.2,,,,,
PROC8aliquidyesmediumprof,100,27.43,2000,0.2,0.2,,,,,
PROC8aliquidyeslowprof,25,27.43,2000,0.2,0.2,,,,,
PROC8aliquidyesvery lowprof,0.1,27.43,2000,0.2,0.2,,,,,
PROC8aliquidnohighind,250,27.43,2000,1,1,,,,,
PROC8aliquidnomediumind,50,27.43,2000,1,1,,,,,
PROC8aliquidnolowind,10,27.43,2000,1,1,,,,,
PROC8aliquidnovery lowind,0.1,27.43,2000,1,1,,,,,
PROC8aliquidnohighprof,500,27.43,2000,1,1,,,,,
PROC8aliquidnomediumprof,100,27.43,2000,1,1,,,,,
PROC8aliquidnolowprof,25,27.43,2000,1,1,,,,,
PROC8aliquidnovery lowprof,0.1,27.43,2000,1,1,,,,,
PROC8bsolidyeshighind,25,13.71,1000,0.1,0.1,,,,,
PROC8bsolidyesmediumind,1,13.71,1000,0.1,0.1,,,,,
PROC8bsolidyeslowind,0.1,13.71,1000,0.1,0.1,,,,,
PROC8bsolidyeshighprof,50,13.71,1000,0.2,0.2,,,,,
PROC8bsolidyesmediumprof,5,13.71,1000,0.2,0.2,,,,,
PROC8bsolidyeslowprof,0.5,13.71,1000,0.2,0.2,,,,,
PROC8bsolidnohighind,25,13.71,1000,1,1,,,,,
PROC8bsolidnomediumind,1,13.71,1000,1,1,,,,,
PROC8bsolidnolowind,0.1,13.71,1000,1,1,,,,,
PROC8bsolidnohighprof,50,13.71,1000,1,1,,,,,
PROC8bsolidnomediumprof,5,13.71,1000,1,1,,,,,
PROC8bsolidnolowprof,0.5,13.71,1000,1,1,,,,,
PROC8bliquidyeshighind,150,13.71,1000,0.1,0.1,,,,,
PROC8bliquidyesmediumind,25,13.71,1000,0.1,0.1,,,,,
PROC8bliquidyeslowind,5,13.71,1000,0.1,0.1,,,,,
PROC8bliquidyesvery lowind,0.1,13.71,1000,0.1,0.1,,,,,
PROC8bliquidyeshighprof,250,13.71,1000,0.2,0.2,,,,,
PROC8bliquidyesmediumprof,50,13.71,1000,0.2,0.2,,,,,
PROC8bliquidyeslowprof,10,13.71,1000,0.2,0.2,,,,,
PROC8bliquidyesvery lowprof,0.1,13.71,1000,0.2,0.2,,,,,
PROC8bliquidnohighind,150,13.71,1000,1,1,,,,,
PROC8bliquidnomediumind,25,13.71,1000,1,1,,,,,
PROC8bliquidnolowind,5,13.71,1000,1,1,,,,,
PROC8bliquidnovery lowind,0.1,13.71,1000,1,1,,,,,
PROC8bliquidnohighprof,250,13.71,1000,1,1,,,,,
PROC8bliquidnomediumprof,50,13.71,1000,1,1,,,,,
PROC8bliquidnolowprof,10,13.71,1000,1,1,,,,,
PROC8bliquidnovery lowprof,0.1,13.71,1000,1,1,,,,,
PROC9solidyeshighind,20,6.86,1000,0.1,0.1,,,,,
PROC9solidyesmediumind,5,6.86,1000,0.1,0.1,,,,,
PROC9solidyeslowind,0.1,6.86,1000,0.1,0.1,,,,,
PROC9solidyeshighprof,20,6.86,1000,0.2,0.2,,,,,
PROC9solidyesmediumprof,5,6.86,1000,0.2,0.2,,,,,
PROC9solidyeslowprof,0.5,6.86,1000,0.2,0.2,,,,,
PROC9solidnohighind,20,6.86,1000,1,1,,,,,
PROC9solidnomediumind,5,6.86,1000,1,1,,,,,
PROC9solidnolowind,0.1,6.86,1000,1,1,,,,,
PROC9solidnohighprof,20,6.86,1000,1,1,,,,,
PROC9solidnomediumprof,5,6.86,1000,1,1,,,,,
PROC9solidnolowprof,0.5,6.86,1000,1,1,,,,,
PROC9liquidyeshighind,200,6.86,1000,0.1,0.1,,,,,
PROC9liquidyesmediumind,50,6.86,1000,0.1,0.1,,,,,
PROC9liquidyeslowind,5,6.86,1000,0.1,0.1,,,,,
PROC9liquidyesvery lowind,0.1,6.86,1000,0.1,0.1,,,,,
PROC9liquidyeshighprof,250,6.86,1000,0.2,0.2,,,,,
PROC9liquidyesmediumprof,100,6.86,1000,0.2,0.2,,,,,
PROC9liquidyeslowprof,10,6.86,1000,0.2,0.2,,,,,
PROC9liquidyesvery lowprof,0.1,6.86,1000,0.2,0.2,,,,,
PROC9liquidnohighind,200,6.86,1000,1,1,,,,,
PROC9liquidnomediumind,50,6.86,1000,1,1,,,,,
PROC9liquidnolowind,5,6.86,1000,1,1,,,,,
PROC9liquidnovery lowind,0.1,6.86,1000,1,1,,,,,
PROC9liquidnohighprof,250,6.86,1000,1,1,,,,,
PROC9liquidnomediumprof,100,6.86,1000,1,1,,,,,
PROC9liquidnolowprof,10,6.86,1000,1,1,,,,,
PROC9liquidnovery lowprof,0.1,6.86,1000,1,1,,,,,
PROC10solidyeshighind,10,27.43,2000,0.1,1,,,,,
PROC10solidyesmediumind,5,27.43,2000,0.1,1,,,,,
PROC10solidyeslowind,0.5,27.43,2000,0.1,1,,,,,
PROC10solidyeshighprof,10,27.43,2000,0.2,1,,,,,
PROC10solidyesmediumprof,5,27.43,2000,0.2,1,,,,,
PROC10solidyeslowprof,0.5,27.43,2000,0.2,1,,,,,
PROC10solidnohighind,10,27.43,2000,1,1,,,,,
PROC10solidnomediumind,5,27.43,2000,1,1,,,,,
PROC10solidnolowind,0.5,27.43,2000,1,1,,,,,
PROC10solidnohighprof,10,27.43,2000,1,1,,,,,
PROC10solidnomediumprof,5,27.43,2000,1,1,,,,,
PROC10solidnolowprof,0.5,27.43,2000,1,1,,,,,
PROC10liquidyeshighind,250,27.43,2000,0.1,1,,,,,
PROC10liquidyesmediumind,100,27.43,2000,0.1,1,,,,,
PROC10liquidyeslowind,10,27.43,2000,0.1,1,,,,,
PROC10liquidyesvery lowind,0.1,27.43,2000,0.1,1,,,,,
PROC10liquidyeshighprof,500,27.43,2000,0.2,1,,,,,
PROC10liquidyesmediumprof,200,27.43,2000,0.2,1,,,,,
PROC10liquidyeslowprof,25,27.43,2000,0.2,1,,,,,
PROC10liquidyesvery lowprof,0.1,27.43,2000,0.2,1,,,,,
PROC10liquidnohighind,250,27.43,2000,1,1,,,,,
PROC10liquidnomediumind,100,27.43,2000,1,1,,,,,
PROC10liquidnolowind,10,27.43,2000,1,1,,,,,
PROC10liquidnovery lowind,10,27.43,2000,1,1,,,,,
PROC10liquidnohighprof,500,27.43,2000,1,1,,,,,
PROC10liquidnomediumprof,200,27.43,2000,1,1,,,,,
PROC10liquidnolowprof,25,27.43,2000,1,1,,,,,
PROC10liquidnovery lowprof,25,27.43,2000,1,1,,,,,
PROC11solidyeshighind,n/a,n/a,n/a,n/a,n/a,,PROC11 only for professional use,,,
PROC11solidyesmediumind,n/a,n/a,n/a,n/a,n/a,,PROC11 only for professional use,,,
PROC11solidyeslowind,n/a,n/a,n/a,n/a,n/a,,PROC11 only for professional use,,,
PROC11solidyeshighprof,200,107.14,5000,0.2,0.2,,,,,
PROC11solidyesmediumprof,20,107.14,5000,0.2,0.2,,,,,
PROC11solidyeslowprof,1,107.14,5000,0.2,0.2,,,,,
PROC11solidnohighind,n/a,n/a,n/a,n/a,n/a,,PROC11 only for professional use,,,
PROC11solidnomediumind,n/a,n/a,n/a,n/a,n/a,,PROC11 only for professional use,,,
PROC11solidnolowind,n/a,n/a,n/a,n/a,n/a,,PROC11 only for professional use,,,
PROC11solidnohighprof,200,107.14,5000,1,1,,,,,
PROC11solidnomediumprof,20,107.14,5000,1,1,,,,,
PROC11solidnolowprof,1,107.14,5000,1,1,,,,,
PROC11liquidyeshighind,n/a,n/a,n/a,n/a,n/a,,PROC11 only for professional use,,,
PROC11liquidyesmediumind,n/a,n/a,n/a,n/a,n/a,,PROC11 only for professional use,,,
PROC11liquidyeslowind,n/a,n/a,n/a,n/a,n/a,,PROC11 only for professional use,,,
PROC11liquidyesvery lowind,n/a,n/a,n/a,n/a,n/a,,PROC11 only for professional use,,,
PROC11liquidyeshighprof,1000,107.14,5000,0.2,0.2,,,,,
PROC11liquidyesmediumprof,500,107.14,5000,0.2,0.2,,,,,
PROC11liquidyeslowprof,100,107.14,5000,0.2,0.2,,,,,
PROC11liquidyesvery lowprof,100,107.14,5000,0.2,0.2,,,,,
PROC11liquidnohighind,n/a,n/a,n/a,n/a,n/a,,PROC11 only for professional use,,,
PROC11liquidnomediumind,n/a,n/a,n/a,n/a,n/a,,PROC11 only for professional use,,,
PROC11liquidnolowind,n/a,n/a,n/a,n/a,n/a,,PROC11 only for professional use,,,
PROC11liquidnovery lowind,n/a,n/a,n/a,n/a,n/a,,PROC11 only for professional use,,,
PROC11liquidnohighprof,1000,107.14,5000,1,1,,,,,
PROC11liquidnomediumprof,500,107.14,5000,1,1,,,,,
PROC11liquidnolowprof,100,107.14,5000,1,1,,,,,
PROC11liquidnovery lowprof,100,107.14,5000,1,1,,,,,
PROC12solidyeshighind,n/a,n/a,100,n/a,n/a,,Not for solids,,,
PROC12solidyesmediumind,n/a,n/a,100,n/a,n/a,,Not for solids,,,
PROC12solidyeslowind,n/a,n/a,100,n/a,n/a,,Not for solids,,,
PROC12solidyeshighprof,n/a,n/a,100,n/a,n/a,,Not for solids,,,
PROC12solidyesmediumprof,n/a,n/a,100,n/a,n/a,,Not for solids,,,
PROC12solidyeslowprof,n/a,n/a,100,n/a,n/a,,Not for solids,,,
PROC12solidnohighind,n/a,n/a,100,n/a,n/a,,Not for solids,,,
PROC12solidnomediumind,n/a,n/a,100,n/a,n/a,,Not for solids,,,
PROC12solidnolowind,n/a,n/a,100,n/a,n/a,,Not for solids,,,
PROC12solidnohighprof,n/a,n/a,100,n/a,n/a,,Not for solids,,,
PROC12solidnomediumprof,n/a,n/a,100,n/a,n/a,,Not for solids,,,
PROC12solidnolowprof,n/a,n/a,100,n/a,n/a,,Not for solids,,,
PROC12liquidyeshighind,100,0.34,100,0.1,0.1,,,,,
PROC12liquidyesmediumind,20,0.34,100,0.1,0.1,,,,,
PROC12liquidyeslowind,2,0.34,100,0.1,0.1,,,,,
PROC12liquidyesvery lowind,2,0.34,100,0.1,0.1,,,,,
PROC12liquidyeshighprof,500,0.34,100,0.2,0.2,,,,,
PROC12liquidyesmediumprof,100,0.34,100,0.2,0.2,,,,,
PROC12liquidyeslowprof,10,0.34,100,0.2,0.2,,,,,
PROC12liquidyesvery lowprof,10,0.34,100,0.2,0.2,,,,,
PROC12liquidnohighind,100,0.34,100,1,1,,,,,
PROC12liquidnomediumind,20,0.34,100,1,1,,,,,
PROC12liquidnolowind,2,0.34,100,1,1,,,,,
PROC12liquidnovery lowind,2,0.34,100,1,1,,,,,
PROC12liquidnohighprof,500,0.34,100,1,1,,,,,
PROC12liquidnomediumprof,100,0.34,100,1,1,,,,,
PROC12liquidnolowprof,10,0.34,100,1,1,,,,,
PROC12liquidnovery lowprof,10,0.34,100,1,1,,,,,
PROC13solidyeshighind,5,13.71,2000,0.1,0.1,,,,,
PROC13solidyesmediumind,1,13.71,2000,0.1,0.1,,,,,
PROC13solidyeslowind,0.1,13.71,2000,0.1,0.1,,,,,
PROC13solidyeshighprof,5,13.71,2000,0.2,0.2,,,,,
PROC13solidyesmediumprof,5,13.71,2000,0.2,0.2,,,,,
PROC13solidyeslowprof,0.5,13.71,2000,0.2,0.2,,,,,
PROC13solidnohighind,5,13.71,2000,1,1,,,,,
PROC13solidnomediumind,1,13.71,2000,1,1,,,,,
PROC13solidnolowind,0.1,13.71,2000,1,1,,,,,
PROC13solidnohighprof,5,13.71,2000,1,1,,,,,
PROC13solidnomediumprof,5,13.71,2000,1,1,,,,,
PROC13solidnolowprof,0.5,13.71,2000,1,1,,,,,
PROC13liquidyeshighind,250,13.71,2000,0.1,0.1,,,,,
PROC13liquidyesmediumind,50,13.71,2000,0.1,0.1,,,,,
PROC13liquidyeslowind,10,13.71,2000,0.1,0.1,,,,,
PROC13liquidyesvery lowind,0.1,13.71,2000,0.1,0.1,,,,,
PROC13liquidyeshighprof,250,13.71,2000,0.2,0.2,,,,,
PROC13liquidyesmediumprof,100,13.71,2000,0.2,0.2,,,,,
PROC13liquidyeslowprof,10,13.71,2000,0.2,0.2,,,,,
PROC13liquidyesvery lowprof,0.1,13.71,2000,0.2,0.2,,,,,
PROC13liquidnohighind,250,13.71,2000,1,1,,,,,
PROC13liquidnomediumind,50,13.71,2000,1,1,,,,,
PROC13liquidnolowind,10,13.71,2000,1,1,,,,,
PROC13liquidnovery lowind,0.1,13.71,2000,1,1,,,,,
PROC13liquidnohighprof,250,13.71,2000,1,1,,,,,
PROC13liquidnomediumprof,100,13.71,2000,1,1,,,,,
PROC13liquidnolowprof,10,13.71,2000,1,1,,,,,
PROC13liquidnovery lowprof,0.1,13.71,2000,1,1,,,,,
PROC14solidyeshighind,10,3.43,500,0.1,0.1,,,,,
PROC14solidyesmediumind,1,3.43,500,0.1,0.1,,,,,
PROC14solidyeslowind,0.1,3.43,500,0.1,0.1,,,,,
PROC14solidyeshighprof,50,3.43,500,0.2,0.2,,,,,
PROC14solidyesmediumprof,5,3.43,500,0.2,0.2,,,,,
PROC14solidyeslowprof,1,3.43,500,0.2,0.2,,,,,
PROC14solidnohighind,10,3.43,500,1,1,,,,,
PROC14solidnomediumind,1,3.43,500,1,1,,,,,
PROC14solidnolowind,0.1,3.43,500,1,1,,,,,
PROC14solidnohighprof,50,3.43,500,1,1,,,,,
PROC14solidnomediumprof,5,3.43,500,1,1,,,,,
PROC14solidnolowprof,1,3.43,500,1,1,,,,,
PROC14liquidyeshighind,250,3.43,500,0.1,0.1,,,,,
PROC14liquidyesmediumind,50,3.43,500,0.1,0.1,,,,,
PROC14liquidyeslowind,5,3.43,500,0.1,0.1,,,,,
PROC14liquidyesvery lowind,0.1,3.43,500,0.1,0.1,,,,,
PROC14liquidyeshighprof,500,3.43,500,0.2,0.2,,,,,
PROC14liquidyesmediumprof,100,3.43,500,0.2,0.2,,,,,
PROC14liquidyeslowprof,10,3.43,500,0.2,0.2,,,,,
PROC14liquidyesvery lowprof,0.1,3.43,500,0.2,0.2,,,,,
PROC14liquidnohighind,250,3.43,500,1,1,,,,,
PROC14liquidnomediumind,50,3.43,500,1,1,,,,,
PROC14liquidnolowind,5,3.43,500,1,1,,,,,
PROC14liquidnovery lowind,0.1,3.43,500,1,1,,,,,
PROC14liquidnohighprof,500,3.43,500,1,1,,,,,
PROC14liquidnomediumprof,100,3.43,500,1,1,,,,,
PROC14liquidnolowprof,10,3.43,500,1,1,,,,,
PROC14liquidnovery lowprof,0.1,3.43,500,1,1,,,,,
PROC15solidyeshighind,5,0.34,100,0.1,0.1,,,,,
PROC15solidyesmediumind,0.5,0.34,100,0.1,0.1,,,,,
PROC15solidyeslowind,0.1,0.34,100,0.1,0.1,,,,,
PROC15solidyeshighprof,5,0.34,100,0.2,0.2,,,,,
PROC15solidyesmediumprof,0.5,0.34,100,0.2,0.2,,,,,
PROC15solidyeslowprof,0.1,0.34,100,0.2,0.2,,,,,
PROC15solidnohighind,5,0.34,100,1,1,,,,,
PROC15solidnomediumind,0.5,0.34,100,1,1,,,,,
PROC15solidnolowind,0.1,0.34,100,1,1,,,,,
PROC15solidnohighprof,5,0.34,100,1,1,,,,,
PROC15solidnomediumprof,0.5,0.34,100,1,1,,,,,
PROC15solidnolowprof,0.1,0.34,100,1,1,,,,,
PROC15liquidyeshighind,50,0.34,100,0.1,0.1,,,,,
PROC15liquidyesmediumind,10,0.34,100,0.1,0.1,,,,,
PROC15liquidyeslowind,5,0.34,100,0.1,0.1,,,,,
PROC15liquidyesvery lowind,0.1,0.34,100,0.1,0.1,,,,,
PROC15liquidyeshighprof,50,0.34,100,0.2,0.2,,,,,
PROC15liquidyesmediumprof,10,0.34,100,0.2,0.2,,,,,
PROC15liquidyeslowprof,5,0.34,100,0.2,0.2,,,,,
PROC15liquidyesvery lowprof,0.1,0.34,100,0.2,0.2,,,,,
PROC15liquidnohighind,50,0.34,100,1,1,,,,,
PROC15liquidnomediumind,10,0.34,100,1,1,,,,,
PROC15liquidnolowind,5,0.34,100,1,1,,,,,
PROC15liquidnovery lowind,0.1,0.34,100,1,1,,,,,
PROC15liquidnohighprof,50,0.34,100,1,1,,,,,
PROC15liquidnomediumprof,10,0.34,100,1,1,,,,,
PROC15liquidnolowprof,5,0.34,100,1,1,,,,,
PROC15liquidnovery lowprof,0.1,0.34,100,1,1,,,,,
PROC16solidyeshighind,10,0.34,100,0.1,0.1,,,,,
PROC16solidyesmediumind,5,0.34,100,0.1,0.1,,,,,
PROC16solidyeslowind,0.1,0.34,100,0.1,0.1,,,,,
PROC16solidyeshighprof,50,0.34,100,0.2,0.2,,,,,
PROC16solidyesmediumprof,20,0.34,100,0.2,0.2,,,,,
PROC16solidyeslowprof,5,0.34,100,0.2,0.2,,,,,
PROC16solidnohighind,10,0.34,100,1,1,,,,,
PROC16solidnomediumind,5,0.34,100,1,1,,,,,
PROC16solidnolowind,0.1,0.34,100,1,1,,,,,
PROC16solidnohighprof,50,0.34,100,1,1,,,,,
PROC16solidnomediumprof,20,0.34,100,1,1,,,,,
PROC16solidnolowprof,5,0.34,100,1,1,,,,,
PROC16liquidyeshighind,25,0.34,100,0.1,0.1,,,,,
PROC16liquidyesmediumind,5,0.34,100,0.1,0.1,,,,,
PROC16liquidyeslowind,1,0.34,100,0.1,0.1,,,,,
PROC16liquidyesvery lowind,0.1,0.34,100,0.1,0.1,,,,,
PROC16liquidyeshighprof,50,0.34,100,0.2,0.2,,,,,
PROC16liquidyesmediumprof,10,0.34,100,0.2,0.2,,,,,
PROC16liquidyeslowprof,1,0.34,100,0.2,0.2,,,,,
PROC16liquidyesvery lowprof,0.1,0.34,100,0.2,0.2,,,,,
PROC16liquidnohighind,25,0.34,100,1,1,,,,,
PROC16liquidnomediumind,5,0.34,100,1,1,,,,,
PROC16liquidnolowind,1,0.34,100,1,1,,,,,
PROC16liquidnovery lowind,0.1,0.34,100,1,1,,,,,
PROC16liquidnohighprof,50,0.34,100,1,1,,,,,
PROC16liquidnomediumprof,10,0.34,100,1,1,,,,,
PROC16liquidnolowprof,1,0.34,100,1,1,,,,,
PROC16liquidnovery lowprof,0.1,0.34,100,1,1,,,,,
PROC17solidyeshighind,50,27.43,2000,0.1,0.1,,,,,
PROC17solidyesmediumind,20,27.43,2000,0.1,0.1,,,,,
PROC17solidyeslowind,1,27.43,2000,0.1,0.1,,,,,
PROC17solidyeshighprof,200,27.43,2000,0.2,0.2,,,,,
PROC17solidyesmediumprof,50,27.43,2000,0.2,0.2,,,,,
PROC17solidyeslowprof,10,27.43,2000,0.2,0.2,,,,,
PROC17solidnohighind,50,27.43,2000,1,1,,,,,
PROC17solidnomediumind,20,27.43,2000,1,1,,,,,
PROC17solidnolowind,1,27.43,2000,1,1,,,,,
PROC17solidnohighprof,200,27.43,2000,1,1,,,,,
PROC17solidnomediumprof,50,27.43,2000,1,1,,,,,
PROC17solidnolowprof,10,27.43,2000,1,1,,,,,
PROC17liquidyeshighind,100,27.43,2000,0.1,0.1,,,,,
PROC17liquidyesmediumind,50,27.43,2000,0.1,0.1,,,,,
PROC17liquidyeslowind,20,27.43,2000,0.1,0.1,,,,,
PROC17liquidyesvery lowind,20,27.43,2000,0.1,0.1,,,,,
PROC17liquidyeshighprof,500,27.43,2000,0.2,0.2,,,,,
PROC17liquidyesmediumprof,200,27.43,2000,0.2,0.2,,,,,
PROC17liquidyeslowprof,50,27.43,2000,0.2,0.2,,,,,
PROC17liquidyesvery lowprof,50,27.43,2000,0.2,0.2,,,,,
PROC17liquidnohighind,100,27.43,2000,1,1,,,,,
PROC17liquidnomediumind,50,27.43,2000,1,1,,,,,
PROC17liquidnolowind,20,27.43,2000,1,1,,,,,
PROC17liquidnovery lowind,20,27.43,2000,1,1,,,,,
PROC17liquidnohighprof,500,27.43,2000,1,1,,,,,
PROC17liquidnomediumprof,200,27.43,2000,1,1,,,,,
PROC17liquidnolowprof,50,27.43,2000,1,1,,,,,
PROC17liquidnovery lowprof,50,27.43,2000,1,1,,,,,
PROC18solidyeshighind,50,13.71,1000,0.1,0.1,,,,,
PROC18solidyesmediumind,20,13.71,1000,0.1,0.1,,,,,
PROC18solidyeslowind,1,13.71,1000,0.1,0.1,,,,,
PROC18solidyeshighprof,200,13.71,1000,0.2,0.2,,,,,
PROC18solidyesmediumprof,50,13.71,1000,0.2,0.2,,,,,
PROC18solidyeslowprof,5,13.71,1000,0.2,0.2,,,,,
PROC18solidnohighind,50,13.71,1000,1,1,,,,,
PROC18solidnomediumind,20,13.71,1000,1,1,,,,,
PROC18solidnolowind,1,13.71,1000,1,1,,,,,
PROC18solidnohighprof,200,13.71,1000,1,1,,,,,
PROC18solidnomediumprof,50,13.71,1000,1,1,,,,,
PROC18solidnolowprof,5,13.71,1000,1,1,,,,,
PROC18liquidyeshighind,100,13.71,1000,0.1,0.1,,,,,
PROC18liquidyesmediumind,50,13.71,1000,0.1,0.1,,,,,
PROC18liquidyeslowind,20,13.71,1000,0.1,0.1,,,,,
PROC18liquidyesvery lowind,20,13.71,1000,0.1,0.1,,,,,
PROC18liquidyeshighprof,500,13.71,1000,0.2,0.2,,,,,
PROC18liquidyesmediumprof,200,13.71,1000,0.2,0.2,,,,,
PROC18liquidyeslowprof,50,13.71,1000,0.2,0.2,,,,,
PROC18liquidyesvery lowprof,50,13.71,1000,0.2,0.2,,,,,
PROC18liquidnohighind,100,13.71,1000,1,1,,,,,
PROC18liquidnomediumind,50,13.71,1000,1,1,,,,,
PROC18liquidnolowind,20,13.71,1000,1,1,,,,,
PROC18liquidnovery lowind,20,13.71,1000,1,1,,,,,
PROC18liquidnohighprof,500,13.71,1000,1,1,,,,,
PROC18liquidnomediumprof,200,13.71,1000,1,1,,,,,
PROC18liquidnolowprof,50,13.71,1000,1,1,,,,,
PROC18liquidnovery lowprof,50,13.71,1000,1,1,,,,,
PROC19solidyeshighind,25,141.43,5000,0.1,1,,,,,
PROC19solidyesmediumind,5,141.43,5000,0.1,1,,,,,
PROC19solidyeslowind,0.5,141.43,5000,0.1,1,,,,,
PROC19solidyeshighprof,50,141.43,5000,0.2,1,,,,,
PROC19solidyesmediumprof,5,141.43,5000,0.2,1,,,,,
PROC19solidyeslowprof,0.5,141.43,5000,0.2,1,,,,,
PROC19solidnohighind,25,141.43,5000,1,1,,,,,
PROC19solidnomediumind,5,141.43,5000,1,1,,,,,
PROC19solidnolowind,0.5,141.43,5000,1,1,,,,,
PROC19solidnohighprof,50,141.43,5000,1,1,,,,,
PROC19solidnomediumprof,5,141.43,5000,1,1,,,,,
PROC19solidnolowprof,0.5,141.43,5000,1,1,,,,,
PROC19liquidyeshighind,250,141.43,5000,0.1,1,,,,,
PROC19liquidyesmediumind,50,141.43,5000,0.1,1,,,,,
PROC19liquidyeslowind,10,141.43,5000,0.1,1,,,,,
PROC19liquidyesvery lowind,0.1,141.43,5000,0.1,1,,,,,
PROC19liquidyeshighprof,500,141.43,5000,0.2,1,,,,,
PROC19liquidyesmediumprof,100,141.43,5000,0.2,1,,,,,
PROC19liquidyeslowprof,25,141.43,5000,0.2,1,,,,,
PROC19liquidyesvery lowprof,0.1,141.43,5000,0.2,1,,,,,
PROC19liquidnohighind,250,141.43,5000,1,1,,,,,
PROC19liquidnomediumind,50,141.43,5000,1,1,,,,,
PROC19liquidnolowind,10,141.43,5000,1,1,,,,,
PROC19liquidnovery lowind,10,141.43,5000,1,1,,,,,
PROC19liquidnohighprof,500,141.43,5000,1,1,,,,,
PROC19liquidnomediumprof,100,141.43,5000,1,1,,,,,
PROC19liquidnolowprof,25,141.43,5000,1,1,,,,,
PROC19liquidnovery lowprof,25,141.43,5000,1,1,,,,,
PROC20solidyeshighind,n/a,n/a,n/a,n/a,n/a,,Industrial use covered by PROC 2 ,,,
PROC20solidyesmediumind,n/a,n/a,n/a,n/a,n/a,,Industrial use covered by PROC 2 ,,,
PROC20solidyeslowind,n/a,n/a,n/a,n/a,n/a,,Industrial use covered by PROC 2 ,,,
PROC20solidyeshighprof,5,1.71,250,0.2,0.2,,,,,
PROC20solidyesmediumprof,1,1.71,250,0.2,0.2,,,,,
PROC20solidyeslowprof,0.01,1.71,250,0.2,0.2,,,,,
PROC20solidnohighind,n/a,n/a,n/a,n/a,n/a,,Industrial use covered by PROC 2 ,,,
PROC20solidnomediumind,n/a,n/a,n/a,n/a,n/a,,Industrial use covered by PROC 2 ,,,
PROC20solidnolowind,n/a,n/a,n/a,n/a,n/a,,Industrial use covered by PROC 2 ,,,
PROC20solidnohighprof,5,1.71,250,1,1,,,,,
PROC20solidnomediumprof,1,1.71,250,1,1,,,,,
PROC20solidnolowprof,0.01,1.71,250,1,1,,,,,
PROC20liquidyeshighind,n/a,n/a,n/a,n/a,n/a,,Industrial use covered by PROC 2 ,,,
PROC20liquidyesmediumind,n/a,n/a,n/a,n/a,n/a,,Industrial use covered by PROC 2 ,,,
PROC20liquidyeslowind,n/a,n/a,n/a,n/a,n/a,,Industrial use covered by PROC 2 ,,,
PROC20liquidyesvery lowind,n/a,n/a,n/a,n/a,n/a,,Industrial use covered by PROC 2 ,,,
PROC20liquidyeshighprof,50,1.71,250,0.2,0.2,,,,,
PROC20liquidyesmediumprof,20,1.71,250,0.2,0.2,,,,,
PROC20liquidyeslowprof,5,1.71,250,0.2,0.2,,,,,
PROC20liquidyesvery lowprof,0.1,1.71,250,0.2,0.2,,,,,
PROC20liquidnohighind,n/a,n/a,n/a,n/a,n/a,,Industrial use covered by PROC 2 ,,,
PROC20liquidnomediumind,n/a,n/a,n/a,n/a,n/a,,Industrial use covered by PROC 2 ,,,
PROC20liquidnolowind,n/a,n/a,n/a,n/a,n/a,,Industrial use covered by PROC 2 ,,,
PROC20liquidnovery lowind,n/a,n/a,n/a,n/a,n/a,,Industrial use covered by PROC 2 ,,,
PROC20liquidnohighprof,50,1.71,250,1,1,,,,,
PROC20liquidnomediumprof,20,1.71,250,1,1,,,,,
PROC20liquidnolowprof,5,1.71,250,1,1,,,,,
PROC20liquidnovery lowprof,0.1,1.71,250,1,1,,,,,
PROC21solidyeshighind,10,2.83,100,0.1,0.1,,,,,
PROC21solidyesmediumind,3,2.83,100,0.1,0.1,,,,,
PROC21solidyeslowind,1,2.83,100,0.1,0.1,,,,,
PROC21solidyeshighprof,20,2.83,100,0.2,0.2,,,,,
PROC21solidyesmediumprof,5,2.83,100,0.2,0.2,,,,,
PROC21solidyeslowprof,3,2.83,100,0.2,0.2,,,,,
PROC21solidnohighind,10,2.83,100,1,1,,,,,
PROC21solidnomediumind,3,2.83,100,1,1,,,,,
PROC21solidnolowind,1,2.83,100,1,1,,,,,
PROC21solidnohighprof,20,2.83,100,1,1,,,,,
PROC21solidnomediumprof,5,2.83,100,1,1,,,,,
PROC21solidnolowprof,3,2.83,100,1,1,,,,,
PROC21liquidyeshighind,n/a,n/a,n/a,n/a,n/a,,Only for solids,,,
PROC21liquidyesmediumind,n/a,n/a,n/a,n/a,n/a,,Only for solids,,,
PROC21liquidyeslowind,n/a,n/a,n/a,n/a,n/a,,Only for solids,,,
PROC21liquidyesvery lowind,n/a,n/a,n/a,n/a,n/a,,Only for solids,,,
PROC21liquidyeshighprof,n/a,n/a,n/a,n/a,n/a,,Only for solids,,,
PROC21liquidyesmediumprof,n/a,n/a,n/a,n/a,n/a,,Only for solids,,,
PROC21liquidyeslowprof,n/a,n/a,n/a,n/a,n/a,,Only for solids,,,
PROC21liquidyesvery lowprof,n/a,n/a,n/a,n/a,n/a,,Only for solids,,,
PROC21liquidnohighind,n/a,n/a,n/a,n/a,n/a,,Only for solids,,,
PROC21liquidnomediumind,n/a,n/a,n/a,n/a,n/a,,Only for solids,,,
PROC21liquidnolowind,n/a,n/a,n/a,n/a,n/a,,Only for solids,,,
PROC21liquidnovery lowind,n/a,n/a,n/a,n/a,n/a,,Only for solids,,,
PROC21liquidnohighprof,n/a,n/a,n/a,n/a,n/a,,Only for solids,,,
PROC21liquidnomediumprof,n/a,n/a,n/a,n/a,n/a,,Only for solids,,,
PROC21liquidnolowprof,n/a,n/a,n/a,n/a,n/a,,Only for solids,,,
PROC21liquidnovery lowprof,n/a,n/a,n/a,n/a,n/a,,Only for solids,,,
PROC22solidyeshighind,10,2.83,100,0.1,0.1,,,,,
PROC22solidyesmediumind,3,2.83,100,0.1,0.1,,,,,
PROC22solidyeslowind,1,2.83,100,0.1,0.1,,,,,
PROC22solidyeshighprof,n/a,n/a,n/a,n/a,n/a,,PROC22 only for industrial use,,,
PROC22solidyesmediumprof,n/a,n/a,n/a,n/a,n/a,,PROC22 only for industrial use,,,
PROC22solidyeslowprof,n/a,n/a,n/a,n/a,n/a,,PROC22 only for industrial use,,,
PROC22solidnohighind,10,2.83,100,1,1,,,,,
PROC22solidnomediumind,3,2.83,100,1,1,,,,,
PROC22solidnolowind,1,2.83,100,1,1,,,,,
PROC22solidnohighprof,n/a,n/a,n/a,n/a,n/a,,PROC22 only for industrial use,,,
PROC22solidnomediumprof,n/a,n/a,n/a,n/a,n/a,,PROC22 only for industrial use,,,
PROC22solidnolowprof,n/a,n/a,n/a,n/a,n/a,,PROC22 only for industrial use,,,
PROC22liquidyeshighind,n/a,n/a,n/a,n/a,n/a,,Only for solids,,,
PROC22liquidyesmediumind,n/a,n/a,n/a,n/a,n/a,,Only for solids,,,
PROC22liquidyeslowind,n/a,n/a,n/a,n/a,n/a,,Only for solids,,,
PROC22liquidyesvery lowind,n/a,n/a,n/a,n/a,n/a,,Only for solids,,,
PROC22liquidyeshighprof,n/a,n/a,n/a,n/a,n/a,,Only for solids,,,
PROC22liquidyesmediumprof,n/a,n/a,n/a,n/a,n/a,,Only for solids,,,
PROC22liquidyeslowprof,n/a,n/a,n/a,n/a,n/a,,Only for solids,,,
PROC22liquidyesvery lowprof,n/a,n/a,n/a,n/a,n/a,,Only for solids,,,
PROC22liquidnohighind,n/a,n/a,n/a,n/a,n/a,,Only for solids,,,
PROC22liquidnomediumind,n/a,n/a,n/a,n/a,n/a,,Only for solids,,,
PROC22liquidnolowind,n/a,n/a,n/a,n/a,n/a,,Only for solids,,,
PROC22liquidnovery lowind,n/a,n/a,n/a,n/a,n/a,,Only for solids,,,
PROC22liquidnohighprof,n/a,n/a,n/a,n/a,n/a,,Only for solids,,,
PROC22liquidnomediumprof,n/a,n/a,n/a,n/a,n/a,,Only for solids,,,
PROC22liquidnolowprof,n/a,n/a,n/a,n/a,n/a,,Only for solids,,,
PROC22liquidnovery lowprof,n/a,n/a,n/a,n/a,n/a,,Only for solids,,,
PROC23solidyeshighind,10,1.41,50,0.1,0.1,,,,,
PROC23solidyesmediumind,3,1.41,50,0.1,0.1,,,,,
PROC23solidyeslowind,1,1.41,50,0.1,0.1,,,,,
PROC23solidyeshighprof,20,1.41,50,0.2,0.2,,,,,
PROC23solidyesmediumprof,5,1.41,50,0.2,0.2,,,,,
PROC23solidyeslowprof,3,1.41,50,0.2,0.2,,,,,
PROC23solidnohighind,10,1.41,50,1,1,,,,,
PROC23solidnomediumind,3,1.41,50,1,1,,,,,
PROC23solidnolowind,1,1.41,50,1,1,,,,,
PROC23solidnohighprof,20,1.41,50,1,1,,,,,
PROC23solidnomediumprof,5,1.41,50,1,1,,,,,
PROC23solidnolowprof,3,1.41,50,1,1,,,,,
PROC23liquidyeshighind,n/a,n/a,n/a,n/a,n/a,,Only for solids,,,
PROC23liquidyesmediumind,n/a,n/a,n/a,n/a,n/a,,Only for solids,,,
PROC23liquidyeslowind,n/a,n/a,n/a,n/a,n/a,,Only for solids,,,
PROC23liquidyesvery lowind,n/a,n/a,n/a,n/a,n/a,,Only for solids,,,
PROC23liquidyeshighprof,n/a,n/a,n/a,n/a,n/a,,Only for solids,,,
PROC23liquidyesmediumprof,n/a,n/a,n/a,n/a,n/a,,Only for solids,,,
PROC23liquidyeslowprof,n/a,n/a,n/a,n/a,n/a,,Only for solids,,,
PROC23liquidyesvery lowprof,n/a,n/a,n/a,n/a,n/a,,Only for solids,,,
PROC23liquidnohighind,n/a,n/a,n/a,n/a,n/a,,Only for solids,,,
PROC23liquidnomediumind,n/a,n/a,n/a,n/a,n/a,,Only for solids,,,
PROC23liquidnolowind,n/a,n/a,n/a,n/a,n/a,,Only for solids,,,
PROC23liquidnovery lowind,n/a,n/a,n/a,n/a,n/a,,Only for solids,,,
PROC23liquidnohighprof,n/a,n/a,n/a,n/a,n/a,,Only for solids,,,
PROC23liquidnomediumprof,n/a,n/a,n/a,n/a,n/a,,Only for solids,,,
PROC23liquidnolowprof,n/a,n/a,n/a,n/a,n/a,,Only for solids,,,
PROC23liquidnovery lowprof,n/a,n/a,n/a,n/a,n/a,,Only for solids,,,
PROC24solidyeshighind,10,2.83,100,0.2,0.2,,,,,
PROC24solidyesmediumind,3,2.83,100,0.2,0.2,,,,,
PROC24solidyeslowind,1,2.83,100,0.2,0.2,,,,,
PROC24solidyeshighprof,20,2.83,100,0.25,0.25,,,,,
PROC24solidyesmediumprof,5,2.83,100,0.25,0.25,,,,,
PROC24solidyeslowprof,3,2.83,100,0.25,0.25,,,,,
PROC24solidnohighind,10,2.83,100,1,1,,,,,
PROC24solidnomediumind,3,2.83,100,1,1,,,,,
PROC24solidnolowind,1,2.83,100,1,1,,,,,
PROC24solidnohighprof,20,2.83,100,1,1,,,,,
PROC24solidnomediumprof,5,2.83,100,1,1,,,,,
PROC24solidnolowprof,3,2.83,100,1,1,,,,,
PROC24liquidyeshighind,n/a,n/a,n/a,n/a,n/a,,Only for solids,,,
PROC24liquidyesmediumind,n/a,n/a,n/a,n/a,n/a,,Only for solids,,,
PROC22liquidyeslowind,n/a,n/a,n/a,n/a,n/a,,Only for solids,,,
PROC24liquidyesvery lowind,n/a,n/a,n/a,n/a,n/a,,Only for solids,,,
PROC24liquidyeshighprof,n/a,n/a,n/a,n/a,n/a,,Only for solids,,,
PROC24liquidyesmediumprof,n/a,n/a,n/a,n/a,n/a,,Only for solids,,,
PROC24liquidyeslowprof,n/a,n/a,n/a,n/a,n/a,,Only for solids,,,
PROC24liquidyesvery lowprof,n/a,n/a,n/a,n/a,n/a,,Only for solids,,,
PROC24liquidnohighind,n/a,n/a,n/a,n/a,n/a,,Only for solids,,,
PROC24liquidnomediumind,n/a,n/a,n/a,n/a,n/a,,Only for solids,,,
PROC24liquidnolowind,n/a,n/a,n/a,n/a,n/a,,Only for solids,,,
PROC24liquidnovery lowind,n/a,n/a,n/a,n/a,n/a,,Only for solids,,,
PROC24liquidnohighprof,n/a,n/a,n/a,n/a,n/a,,Only for solids,,,
PROC24liquidnomediumprof,n/a,n/a,n/a,n/a,n/a,,Only for solids,,,
PROC24liquidnolowprof,n/a,n/a,n/a,n/a,n/a,,Only for solids,,,
PROC24liquidnovery lowprof,n/a,n/a,n/a,n/a,n/a,,Only for solids,,,
PROC25solidyeshighind,5,0.28,10,0.1,0.1,,,,,
PROC25solidyesmediumind,5,0.28,10,0.1,0.1,,,,,
PROC25solidyeslowind,5,0.28,10,0.1,0.1,,,,,
PROC25solidyeshighprof,10,0.28,10,0.2,0.2,,,,,
PROC25solidyesmediumprof,10,0.28,10,0.2,0.2,,,,,
PROC25solidyeslowprof,10,0.28,10,0.2,0.2,,,,,
PROC25solidnohighind,5,0.28,10,1,1,,,,,
PROC25solidnomediumind,5,0.28,10,1,1,,,,,
PROC25solidnolowind,5,0.28,10,1,1,,,,,
PROC25solidnohighprof,10,0.28,10,1,1,,,,,
PROC25solidnomediumprof,10,0.28,10,1,1,,,,,
PROC25solidnolowprof,10,0.28,10,1,1,,,,,
PROC25liquidyeshighind,n/a,n/a,n/a,n/a,n/a,,Only for solids,,,
PROC25liquidyesmediumind,n/a,n/a,n/a,n/a,n/a,,Only for solids,,,
PROC25liquidyeslowind,n/a,n/a,n/a,n/a,n/a,,Only for solids,,,
PROC25liquidyesvery lowind,n/a,n/a,n/a,n/a,n/a,,Only for solids,,,
PROC25liquidyeshighprof,n/a,n/a,n/a,n/a,n/a,,Only for solids,,,
PROC25liquidyesmediumprof,n/a,n/a,n/a,n/a,n/a,,Only for solids,,,
PROC25liquidyeslowprof,n/a,n/a,n/a,n/a,n/a,,Only for solids,,,
PROC25liquidyesvery lowprof,n/a,n/a,n/a,n/a,n/a,,Only for solids,,,
PROC25liquidnohighind,n/a,n/a,n/a,n/a,n/a,,Only for solids,,,
PROC25liquidnomediumind,n/a,n/a,n/a,n/a,n/a,,Only for solids,,,
PROC25liquidnolowind,n/a,n/a,n/a,n/a,n/a,,Only for solids,,,
PROC25liquidnovery lowind,n/a,n/a,n/a,n/a,n/a,,Only for solids,,,
PROC25liquidnohighprof,n/a,n/a,n/a,n/a,n/a,,Only for solids,,,
PROC25liquidnomediumprof,n/a,n/a,n/a,n/a,n/a,,Only for solids,,,
PROC25liquidnolowprof,n/a,n/a,n/a,n/a,n/a,,Only for solids,,,
PROC25liquidnovery lowprof,n/a,n/a,n/a,n/a,n/a,,Only for solids,,,